date,district,rainfall_mm,temp_c,humidity_pct
2026-02-22,Bellary,2.3,29.2,48.1
2026-02-23,Bellary,0.0,27.9,50.6
2026-02-24,Bellary,0.0,30.0,44.7
2026-02-25,Bellary,0.0,30.4,43.6
2026-02-26,Bellary,0.0,28.0,37.4
2026-02-27,Bellary,0.0,29.8,48.2
2026-02-28,Bellary,0.0,29.2,37.8
2026-03-01,Bellary,0.0,30.2,52.2
2026-03-02,Bellary,0.0,33.1,50.5
2026-03-03,Bellary,0.0,33.6,48.9
2026-03-04,Bellary,0.0,28.8,45.1
2026-03-05,Bellary,0.0,31.2,47.6
2026-03-06,Bellary,0.0,30.8,48.1
2026-03-07,Bellary,0.0,31.4,54.5
2026-03-08,Bellary,0.0,31.7,45.2
2026-03-09,Bellary,0.0,31.2,46.9
2026-03-10,Bellary,0.0,30.6,42.7
2026-03-11,Bellary,0.0,29.4,57.7
2026-03-12,Bellary,0.0,28.6,53.4
2026-03-13,Bellary,0.0,33.7,50.8
2026-03-14,Bellary,0.0,30.7,42.8
2026-03-15,Bellary,0.0,28.4,48.7
2026-03-16,Bellary,0.0,30.9,48.5
2026-03-17,Bellary,0.0,30.3,51.1
2026-03-18,Bellary,0.0,27.5,56.2
2026-03-19,Bellary,0.0,29.6,53.1
2026-03-20,Bellary,0.0,27.9,48.4
2026-03-21,Bellary,2.8,26.4,50.8
2026-03-22,Bellary,0.0,28.5,49.2
2026-03-23,Bellary,0.0,29.1,48.2
2026-03-24,Bellary,0.0,27.5,59.0
2026-03-25,Bellary,0.0,27.8,48.8
2026-03-26,Bellary,0.0,26.1,52.3
2026-03-27,Bellary,0.0,26.6,60.6
2026-03-28,Bellary,0.0,26.2,53.2
2026-03-29,Bellary,0.0,25.4,54.1
2026-03-30,Bellary,0.0,26.4,56.0
2026-03-31,Bellary,0.4,29.9,51.6
2026-04-01,Bellary,0.0,28.3,58.2
2026-04-02,Bellary,0.1,26.1,49.1
2026-04-03,Bellary,0.0,29.9,53.5
2026-04-04,Bellary,0.0,28.3,58.6
2026-04-05,Bellary,0.0,29.1,56.5
2026-04-06,Bellary,13.3,28.0,48.6
2026-04-07,Bellary,0.0,29.2,57.5
2026-04-08,Bellary,0.0,29.1,50.9
2026-04-09,Bellary,0.0,28.2,49.6
2026-04-10,Bellary,0.0,29.5,59.6
2026-04-11,Bellary,25.8,31.3,50.5
2026-04-12,Bellary,0.0,32.1,63.4
2026-04-13,Bellary,0.0,31.5,56.5
2026-04-14,Bellary,0.0,30.8,54.2
2026-04-15,Bellary,2.7,29.6,55.0
2026-04-16,Bellary,2.1,34.2,55.3
2026-04-17,Bellary,0.0,34.0,56.7
2026-04-18,Bellary,2.0,30.4,58.8
2026-04-19,Bellary,0.5,32.3,60.2
2026-04-20,Bellary,0.0,29.3,59.9
2026-04-21,Bellary,0.0,30.4,63.0
2026-04-22,Bellary,0.0,32.5,56.8
2026-04-23,Bellary,0.0,30.5,53.5
2026-04-24,Bellary,0.0,29.1,65.2
2026-04-25,Bellary,0.0,30.6,62.7
2026-04-26,Bellary,11.6,28.6,63.6
2026-04-27,Bellary,0.0,28.1,62.4
2026-04-28,Bellary,0.0,31.2,62.5
2026-04-29,Bellary,0.0,34.4,56.9
2026-04-30,Bellary,0.0,25.4,65.3
2026-05-01,Bellary,1.4,29.5,56.6
2026-05-02,Bellary,0.0,29.4,55.5
2026-05-03,Bellary,0.7,29.7,53.9
2026-05-04,Bellary,0.0,28.8,60.9
2026-05-05,Bellary,16.3,25.7,67.3
2026-05-06,Bellary,0.0,27.8,59.7
2026-05-07,Bellary,0.0,26.3,57.3
2026-05-08,Bellary,2.7,27.8,65.5
2026-05-09,Bellary,8.0,26.2,66.1
2026-05-10,Bellary,0.0,25.1,64.5
2026-05-11,Bellary,0.0,27.5,67.4
2026-05-12,Bellary,0.0,26.8,63.8
2026-05-13,Bellary,0.0,26.8,61.0
2026-05-14,Bellary,0.0,29.9,60.9
2026-05-15,Bellary,0.0,28.0,57.5
2026-05-16,Bellary,0.0,28.8,65.3
2026-05-17,Bellary,11.9,27.5,63.5
2026-05-18,Bellary,0.0,27.4,66.5
2026-05-19,Bellary,0.0,28.9,63.9
2026-05-20,Bellary,0.0,27.4,67.6
2026-05-21,Bellary,0.0,28.1,67.9
2026-05-22,Bellary,0.0,31.9,60.3
2026-02-22,Raichur,0.0,33.5,70.4
2026-02-23,Raichur,0.0,32.7,70.1
2026-02-24,Raichur,0.0,34.7,56.2
2026-02-25,Raichur,0.0,34.2,76.2
2026-02-26,Raichur,0.0,37.8,75.0
2026-02-27,Raichur,14.9,34.6,72.1
2026-02-28,Raichur,1.2,37.0,76.8
2026-03-01,Raichur,12.2,32.4,77.3
2026-03-02,Raichur,0.0,37.5,67.7
2026-03-03,Raichur,0.0,36.2,72.4
2026-03-04,Raichur,0.0,34.8,56.6
2026-03-05,Raichur,0.0,34.5,73.3
2026-03-06,Raichur,0.0,34.8,66.4
2026-03-07,Raichur,30.7,36.6,68.5
2026-03-08,Raichur,1.5,33.1,70.0
2026-03-09,Raichur,0.0,35.6,69.4
2026-03-10,Raichur,0.0,35.6,74.4
2026-03-11,Raichur,0.0,36.5,70.3
2026-03-12,Raichur,0.0,35.5,71.7
2026-03-13,Raichur,0.0,36.0,64.9
2026-03-14,Raichur,0.0,33.6,67.6
2026-03-15,Raichur,0.0,34.4,63.8
2026-03-16,Raichur,0.0,33.9,67.1
2026-03-17,Raichur,0.0,34.9,82.1
2026-03-18,Raichur,0.0,36.7,67.7
2026-03-19,Raichur,0.0,33.1,67.7
2026-03-20,Raichur,0.0,31.9,73.4
2026-03-21,Raichur,0.0,33.3,69.5
2026-03-22,Raichur,0.0,32.5,81.7
2026-03-23,Raichur,0.0,32.1,82.5
2026-03-24,Raichur,0.0,31.2,83.6
2026-03-25,Raichur,0.0,28.9,78.3
2026-03-26,Raichur,0.0,34.3,74.3
2026-03-27,Raichur,0.0,32.7,74.7
2026-03-28,Raichur,0.8,29.4,74.4
2026-03-29,Raichur,0.0,31.4,72.8
2026-03-30,Raichur,19.2,32.1,78.6
2026-03-31,Raichur,0.0,33.3,71.7
2026-04-01,Raichur,0.0,29.1,76.7
2026-04-02,Raichur,0.0,32.3,70.6
2026-04-03,Raichur,0.0,30.7,85.0
2026-04-04,Raichur,0.0,35.7,72.1
2026-04-05,Raichur,0.0,33.2,73.2
2026-04-06,Raichur,0.0,35.5,76.5
2026-04-07,Raichur,0.0,35.3,67.8
2026-04-08,Raichur,0.0,34.7,80.0
2026-04-09,Raichur,0.0,35.2,79.4
2026-04-10,Raichur,0.0,35.9,75.8
2026-04-11,Raichur,0.0,36.3,71.2
2026-04-12,Raichur,0.0,32.5,67.8
2026-04-13,Raichur,0.0,33.7,71.2
2026-04-14,Raichur,0.0,35.8,69.4
2026-04-15,Raichur,44.0,35.7,78.3
2026-04-16,Raichur,0.0,36.2,80.1
2026-04-17,Raichur,0.0,36.5,73.9
2026-04-18,Raichur,0.0,33.8,75.7
2026-04-19,Raichur,0.0,32.5,76.4
2026-04-20,Raichur,0.0,33.7,81.6
2026-04-21,Raichur,0.0,37.7,76.9
2026-04-22,Raichur,0.0,35.7,75.1
2026-04-23,Raichur,0.0,34.9,83.5
2026-04-24,Raichur,0.0,34.5,77.9
2026-04-25,Raichur,0.0,33.9,91.1
2026-04-26,Raichur,0.0,35.0,82.2
2026-04-27,Raichur,0.0,34.1,81.1
2026-04-28,Raichur,0.0,33.7,88.5
2026-04-29,Raichur,0.0,31.9,83.0
2026-04-30,Raichur,0.0,32.3,81.5
2026-05-01,Raichur,0.0,31.1,82.0
2026-05-02,Raichur,0.0,32.3,95
2026-05-03,Raichur,0.0,31.8,81.5
2026-05-04,Raichur,0.0,33.3,84.1
2026-05-05,Raichur,0.0,31.9,80.4
2026-05-06,Raichur,0.5,33.0,85.0
2026-05-07,Raichur,0.0,32.2,77.0
2026-05-08,Raichur,0.0,32.0,78.4
2026-05-09,Raichur,0.0,28.4,80.4
2026-05-10,Raichur,52.5,33.6,79.9
2026-05-11,Raichur,10.0,30.3,85.4
2026-05-12,Raichur,0.0,32.8,72.5
2026-05-13,Raichur,0.0,32.4,84.3
2026-05-14,Raichur,0.0,30.7,76.2
2026-05-15,Raichur,0.0,31.4,79.7
2026-05-16,Raichur,8.5,33.4,75.3
2026-05-17,Raichur,0.0,31.2,88.1
2026-05-18,Raichur,0.0,34.1,74.3
2026-05-19,Raichur,0.0,31.7,86.3
2026-05-20,Raichur,0.0,34.5,82.5
2026-05-21,Raichur,0.0,33.0,91.6
2026-05-22,Raichur,0.0,34.2,86.3
2026-02-22,Davangere,0.0,32.9,55.5
2026-02-23,Davangere,0.0,31.9,47.6
2026-02-24,Davangere,0.0,30.5,63.1
2026-02-25,Davangere,0.0,33.1,56.3
2026-02-26,Davangere,0.0,34.2,54.2
2026-02-27,Davangere,0.0,35.2,58.5
2026-02-28,Davangere,2.6,35.5,51.8
2026-03-01,Davangere,0.0,35.7,56.5
2026-03-02,Davangere,0.0,32.2,56.7
2026-03-03,Davangere,0.0,33.7,49.7
2026-03-04,Davangere,0.0,34.1,55.9
2026-03-05,Davangere,0.0,31.1,57.4
2026-03-06,Davangere,0.0,35.2,57.9
2026-03-07,Davangere,0.0,35.4,64.4
2026-03-08,Davangere,0.0,35.3,62.3
2026-03-09,Davangere,0.0,34.4,54.5
2026-03-10,Davangere,0.0,37.2,52.2
2026-03-11,Davangere,0.0,33.2,59.9
2026-03-12,Davangere,0.0,33.7,59.9
2026-03-13,Davangere,0.0,34.2,52.0
2026-03-14,Davangere,0.0,34.8,59.6
2026-03-15,Davangere,0.0,34.2,64.3
2026-03-16,Davangere,0.0,32.2,54.5
2026-03-17,Davangere,0.0,32.1,60.6
2026-03-18,Davangere,0.0,31.0,67.2
2026-03-19,Davangere,0.0,32.4,58.7
2026-03-20,Davangere,0.0,31.7,57.1
2026-03-21,Davangere,0.0,33.1,60.5
2026-03-22,Davangere,0.0,32.2,56.9
2026-03-23,Davangere,3.0,31.4,55.0
2026-03-24,Davangere,0.0,31.3,55.7
2026-03-25,Davangere,0.0,32.0,59.3
2026-03-26,Davangere,0.0,33.7,66.4
2026-03-27,Davangere,0.0,29.1,59.2
2026-03-28,Davangere,0.0,31.5,65.3
2026-03-29,Davangere,0.0,32.0,70.2
2026-03-30,Davangere,8.0,33.2,63.1
2026-03-31,Davangere,0.0,30.6,58.5
2026-04-01,Davangere,0.0,34.0,54.4
2026-04-02,Davangere,0.0,31.7,63.5
2026-04-03,Davangere,0.0,32.2,63.6
2026-04-04,Davangere,0.0,33.3,73.5
2026-04-05,Davangere,0.0,32.3,56.4
2026-04-06,Davangere,0.0,29.4,58.6
2026-04-07,Davangere,0.0,32.4,67.5
2026-04-08,Davangere,0.0,34.2,61.1
2026-04-09,Davangere,0.0,31.1,57.5
2026-04-10,Davangere,0.0,33.8,62.5
2026-04-11,Davangere,0.0,33.9,68.6
2026-04-12,Davangere,7.2,30.5,55.7
2026-04-13,Davangere,0.0,35.3,59.4
2026-04-14,Davangere,0.0,33.7,64.4
2026-04-15,Davangere,0.0,33.9,61.8
2026-04-16,Davangere,0.0,34.4,52.3
2026-04-17,Davangere,0.0,31.8,68.7
2026-04-18,Davangere,9.8,35.6,71.5
2026-04-19,Davangere,0.0,34.3,71.6
2026-04-20,Davangere,0.0,36.9,58.4
2026-04-21,Davangere,8.0,32.0,67.1
2026-04-22,Davangere,0.0,35.3,63.8
2026-04-23,Davangere,0.0,34.7,63.4
2026-04-24,Davangere,0.7,33.3,73.1
2026-04-25,Davangere,0.0,30.7,61.0
2026-04-26,Davangere,9.9,31.5,62.8
2026-04-27,Davangere,0.0,34.0,72.6
2026-04-28,Davangere,0.0,33.4,66.1
2026-04-29,Davangere,0.0,30.8,83.7
2026-04-30,Davangere,0.0,33.4,73.9
2026-05-01,Davangere,0.0,32.0,72.2
2026-05-02,Davangere,0.0,33.8,63.5
2026-05-03,Davangere,0.0,31.4,71.2
2026-05-04,Davangere,0.0,29.4,69.9
2026-05-05,Davangere,0.0,29.1,68.3
2026-05-06,Davangere,0.0,29.3,73.9
2026-05-07,Davangere,0.0,31.4,70.9
2026-05-08,Davangere,0.0,28.3,61.7
2026-05-09,Davangere,0.0,30.9,74.1
2026-05-10,Davangere,0.0,30.1,76.5
2026-05-11,Davangere,0.0,29.4,70.7
2026-05-12,Davangere,0.0,30.0,78.7
2026-05-13,Davangere,0.0,32.8,72.9
2026-05-14,Davangere,0.0,31.7,62.5
2026-05-15,Davangere,1.8,30.9,65.5
2026-05-16,Davangere,5.2,29.3,62.9
2026-05-17,Davangere,0.0,33.9,63.1
2026-05-18,Davangere,1.4,31.6,68.7
2026-05-19,Davangere,0.0,32.5,65.8
2026-05-20,Davangere,0.0,34.0,80.9
2026-05-21,Davangere,0.0,30.2,80.6
2026-05-22,Davangere,0.0,33.6,68.3
2026-02-22,Haveri,0.0,29.1,49.7
2026-02-23,Haveri,19.9,29.5,49.4
2026-02-24,Haveri,0.0,29.5,41.7
2026-02-25,Haveri,0.0,29.7,44.4
2026-02-26,Haveri,0.0,29.7,54.9
2026-02-27,Haveri,0.0,29.0,58.0
2026-02-28,Haveri,2.2,28.9,52.4
2026-03-01,Haveri,14.5,28.6,47.5
2026-03-02,Haveri,0.0,30.3,46.0
2026-03-03,Haveri,0.0,29.3,45.3
2026-03-04,Haveri,0.0,30.5,57.3
2026-03-05,Haveri,0.0,32.5,55.7
2026-03-06,Haveri,0.0,33.3,45.1
2026-03-07,Haveri,16.5,28.7,54.6
2026-03-08,Haveri,0.0,30.7,58.2
2026-03-09,Haveri,2.2,28.8,53.5
2026-03-10,Haveri,0.0,29.4,52.5
2026-03-11,Haveri,0.0,29.0,54.1
2026-03-12,Haveri,0.0,31.4,50.4
2026-03-13,Haveri,0.0,25.5,48.8
2026-03-14,Haveri,0.0,29.8,55.7
2026-03-15,Haveri,0.0,28.6,56.1
2026-03-16,Haveri,0.0,25.5,57.7
2026-03-17,Haveri,0.0,29.6,53.4
2026-03-18,Haveri,0.0,28.0,54.1
2026-03-19,Haveri,8.5,30.6,53.4
2026-03-20,Haveri,0.0,30.1,54.5
2026-03-21,Haveri,0.0,28.1,51.7
2026-03-22,Haveri,0.0,27.8,54.5
2026-03-23,Haveri,0.0,28.8,50.4
2026-03-24,Haveri,0.0,27.5,61.2
2026-03-25,Haveri,0.0,26.5,60.0
2026-03-26,Haveri,0.0,27.3,60.6
2026-03-27,Haveri,0.0,27.3,49.7
2026-03-28,Haveri,0.0,27.1,52.3
2026-03-29,Haveri,0.0,25.5,63.5
2026-03-30,Haveri,8.9,24.6,52.1
2026-03-31,Haveri,0.0,27.8,53.0
2026-04-01,Haveri,0.0,27.3,58.9
2026-04-02,Haveri,2.2,25.7,56.1
2026-04-03,Haveri,0.0,26.3,55.7
2026-04-04,Haveri,0.0,27.8,61.6
2026-04-05,Haveri,1.2,29.1,55.3
2026-04-06,Haveri,0.0,29.2,56.3
2026-04-07,Haveri,0.0,28.4,60.5
2026-04-08,Haveri,11.9,28.4,48.6
2026-04-09,Haveri,0.0,28.1,58.8
2026-04-10,Haveri,0.0,24.2,53.8
2026-04-11,Haveri,0.0,30.0,61.5
2026-04-12,Haveri,0.0,24.8,56.5
2026-04-13,Haveri,0.0,29.1,75.0
2026-04-14,Haveri,0.0,28.3,59.2
2026-04-15,Haveri,0.0,31.1,60.1
2026-04-16,Haveri,0.0,29.5,60.3
2026-04-17,Haveri,0.0,34.8,63.8
2026-04-18,Haveri,0.0,32.2,62.1
2026-04-19,Haveri,0.0,29.7,56.8
2026-04-20,Haveri,4.1,32.7,69.1
2026-04-21,Haveri,0.0,28.6,61.0
2026-04-22,Haveri,3.1,31.2,56.9
2026-04-23,Haveri,0.0,30.8,67.6
2026-04-24,Haveri,0.0,31.8,69.3
2026-04-25,Haveri,5.6,28.2,55.7
2026-04-26,Haveri,0.0,27.2,69.6
2026-04-27,Haveri,0.0,29.9,62.4
2026-04-28,Haveri,0.0,32.4,65.5
2026-04-29,Haveri,0.0,29.1,63.4
2026-04-30,Haveri,0.0,27.9,67.9
2026-05-01,Haveri,0.0,27.5,62.5
2026-05-02,Haveri,7.8,26.6,58.9
2026-05-03,Haveri,0.0,26.6,68.3
2026-05-04,Haveri,23.7,27.9,74.5
2026-05-05,Haveri,0.0,25.8,65.5
2026-05-06,Haveri,17.6,25.9,59.0
2026-05-07,Haveri,0.0,26.1,58.5
2026-05-08,Haveri,0.0,29.3,65.9
2026-05-09,Haveri,4.3,27.2,58.5
2026-05-10,Haveri,15.8,26.8,61.6
2026-05-11,Haveri,0.0,30.6,59.9
2026-05-12,Haveri,0.0,28.1,59.6
2026-05-13,Haveri,4.8,27.4,69.5
2026-05-14,Haveri,0.0,27.2,67.8
2026-05-15,Haveri,0.0,25.8,70.4
2026-05-16,Haveri,0.0,25.6,74.7
2026-05-17,Haveri,44.1,26.5,66.8
2026-05-18,Haveri,0.0,28.3,57.6
2026-05-19,Haveri,0.0,28.7,72.0
2026-05-20,Haveri,2.6,30.2,68.4
2026-05-21,Haveri,0.0,26.8,60.3
2026-05-22,Haveri,1.2,29.0,68.3
2026-02-22,Dharwad,6.6,29.8,52.9
2026-02-23,Dharwad,0.0,30.8,51.7
2026-02-24,Dharwad,0.0,30.7,48.5
2026-02-25,Dharwad,0.0,29.0,49.8
2026-02-26,Dharwad,0.0,31.5,58.9
2026-02-27,Dharwad,0.0,30.4,50.7
2026-02-28,Dharwad,0.3,30.2,51.3
2026-03-01,Dharwad,0.0,28.6,53.5
2026-03-02,Dharwad,0.0,34.0,62.0
2026-03-03,Dharwad,0.0,31.0,59.9
2026-03-04,Dharwad,0.0,29.6,49.0
2026-03-05,Dharwad,0.0,31.5,50.4
2026-03-06,Dharwad,3.2,30.9,51.3
2026-03-07,Dharwad,0.0,32.5,60.8
2026-03-08,Dharwad,0.0,29.6,65.1
2026-03-09,Dharwad,0.0,30.6,53.9
2026-03-10,Dharwad,0.0,30.8,63.8
2026-03-11,Dharwad,0.0,31.4,63.0
2026-03-12,Dharwad,0.0,28.1,56.2
2026-03-13,Dharwad,0.0,29.4,59.6
2026-03-14,Dharwad,0.0,29.2,57.1
2026-03-15,Dharwad,0.0,30.6,53.8
2026-03-16,Dharwad,0.0,29.6,51.7
2026-03-17,Dharwad,0.0,27.3,63.4
2026-03-18,Dharwad,0.0,28.8,52.6
2026-03-19,Dharwad,0.0,29.0,54.3
2026-03-20,Dharwad,0.0,29.0,53.4
2026-03-21,Dharwad,0.0,25.6,55.0
2026-03-22,Dharwad,0.0,27.0,61.0
2026-03-23,Dharwad,0.0,27.6,63.8
2026-03-24,Dharwad,0.0,26.2,73.4
2026-03-25,Dharwad,0.0,25.5,58.2
2026-03-26,Dharwad,0.0,27.9,54.2
2026-03-27,Dharwad,0.0,26.4,60.0
2026-03-28,Dharwad,0.0,26.8,50.7
2026-03-29,Dharwad,0.3,29.8,56.3
2026-03-30,Dharwad,0.0,27.6,63.3
2026-03-31,Dharwad,0.0,25.8,56.9
2026-04-01,Dharwad,0.0,27.0,63.6
2026-04-02,Dharwad,0.0,29.0,61.6
2026-04-03,Dharwad,0.0,29.0,62.3
2026-04-04,Dharwad,3.2,29.8,62.9
2026-04-05,Dharwad,26.7,29.4,55.1
2026-04-06,Dharwad,0.0,29.2,65.6
2026-04-07,Dharwad,0.0,28.4,67.1
2026-04-08,Dharwad,0.0,28.6,63.3
2026-04-09,Dharwad,0.0,31.1,71.3
2026-04-10,Dharwad,0.0,32.9,64.5
2026-04-11,Dharwad,0.0,31.5,74.7
2026-04-12,Dharwad,14.5,27.9,70.0
2026-04-13,Dharwad,0.0,30.2,64.9
2026-04-14,Dharwad,2.8,30.4,67.2
2026-04-15,Dharwad,0.0,29.3,55.4
2026-04-16,Dharwad,0.0,32.1,57.9
2026-04-17,Dharwad,0.0,31.1,67.0
2026-04-18,Dharwad,0.0,34.3,63.8
2026-04-19,Dharwad,0.0,29.4,64.5
2026-04-20,Dharwad,0.0,31.6,70.1
2026-04-21,Dharwad,0.0,30.5,64.2
2026-04-22,Dharwad,0.0,30.1,62.7
2026-04-23,Dharwad,32.0,32.4,63.8
2026-04-24,Dharwad,3.9,31.4,54.7
2026-04-25,Dharwad,0.0,31.1,62.8
2026-04-26,Dharwad,0.0,29.4,61.1
2026-04-27,Dharwad,0.0,31.0,64.6
2026-04-28,Dharwad,0.0,30.1,64.3
2026-04-29,Dharwad,0.0,28.1,76.6
2026-04-30,Dharwad,0.0,27.3,64.9
2026-05-01,Dharwad,0.0,29.8,65.4
2026-05-02,Dharwad,0.0,29.0,62.5
2026-05-03,Dharwad,0.0,30.2,62.7
2026-05-04,Dharwad,0.0,25.6,68.8
2026-05-05,Dharwad,0.0,25.8,69.1
2026-05-06,Dharwad,0.0,26.1,70.2
2026-05-07,Dharwad,14.1,30.3,61.7
2026-05-08,Dharwad,0.0,27.1,71.9
2026-05-09,Dharwad,0.0,30.1,74.4
2026-05-10,Dharwad,0.0,25.4,66.2
2026-05-11,Dharwad,1.1,26.6,74.1
2026-05-12,Dharwad,0.0,28.6,64.4
2026-05-13,Dharwad,2.3,26.6,68.1
2026-05-14,Dharwad,4.4,27.9,73.8
2026-05-15,Dharwad,18.0,26.3,68.6
2026-05-16,Dharwad,0.0,28.1,76.4
2026-05-17,Dharwad,0.0,29.2,72.1
2026-05-18,Dharwad,0.0,24.9,69.5
2026-05-19,Dharwad,0.0,28.0,75.6
2026-05-20,Dharwad,0.0,29.7,70.1
2026-05-21,Dharwad,0.0,29.0,73.6
2026-05-22,Dharwad,0.0,33.1,83.5
2026-02-22,Gadag,0.0,26.6,73.7
2026-02-23,Gadag,0.0,29.6,61.9
2026-02-24,Gadag,0.0,30.1,67.2
2026-02-25,Gadag,0.0,30.4,71.9
2026-02-26,Gadag,0.0,29.5,70.4
2026-02-27,Gadag,0.0,27.7,61.7
2026-02-28,Gadag,0.0,30.8,70.8
2026-03-01,Gadag,0.0,31.2,63.8
2026-03-02,Gadag,0.0,31.0,71.1
2026-03-03,Gadag,0.0,30.1,63.1
2026-03-04,Gadag,0.0,34.4,81.6
2026-03-05,Gadag,0.0,29.8,77.3
2026-03-06,Gadag,0.0,28.0,73.2
2026-03-07,Gadag,0.0,27.6,82.5
2026-03-08,Gadag,0.0,31.2,68.8
2026-03-09,Gadag,0.0,29.1,65.6
2026-03-10,Gadag,3.4,28.6,69.9
2026-03-11,Gadag,0.0,28.9,69.8
2026-03-12,Gadag,0.0,28.4,71.4
2026-03-13,Gadag,0.0,31.3,75.8
2026-03-14,Gadag,0.0,32.3,75.0
2026-03-15,Gadag,0.0,29.2,72.0
2026-03-16,Gadag,0.0,29.7,68.6
2026-03-17,Gadag,4.8,29.8,73.9
2026-03-18,Gadag,0.0,29.5,70.0
2026-03-19,Gadag,0.0,28.4,79.1
2026-03-20,Gadag,0.0,27.8,76.6
2026-03-21,Gadag,0.0,26.3,68.5
2026-03-22,Gadag,0.0,30.4,77.9
2026-03-23,Gadag,0.0,26.5,78.2
2026-03-24,Gadag,0.0,24.5,75.0
2026-03-25,Gadag,0.0,25.7,82.3
2026-03-26,Gadag,0.0,27.5,72.9
2026-03-27,Gadag,0.0,28.4,74.9
2026-03-28,Gadag,0.0,28.1,74.6
2026-03-29,Gadag,0.0,27.4,67.7
2026-03-30,Gadag,0.0,25.6,77.0
2026-03-31,Gadag,0.0,27.5,76.3
2026-04-01,Gadag,0.0,27.0,77.0
2026-04-02,Gadag,0.0,26.3,70.4
2026-04-03,Gadag,0.0,28.7,78.7
2026-04-04,Gadag,0.0,29.8,77.8
2026-04-05,Gadag,0.0,30.4,73.4
2026-04-06,Gadag,0.0,26.1,76.7
2026-04-07,Gadag,6.3,27.4,77.8
2026-04-08,Gadag,0.0,31.9,82.7
2026-04-09,Gadag,0.0,28.8,84.5
2026-04-10,Gadag,0.1,30.8,87.1
2026-04-11,Gadag,1.3,31.5,83.7
2026-04-12,Gadag,8.1,31.7,80.3
2026-04-13,Gadag,0.0,28.9,89.6
2026-04-14,Gadag,0.0,30.6,85.8
2026-04-15,Gadag,0.0,30.8,87.8
2026-04-16,Gadag,0.0,32.4,78.7
2026-04-17,Gadag,0.0,32.2,69.5
2026-04-18,Gadag,0.0,29.9,85.8
2026-04-19,Gadag,0.0,30.0,77.9
2026-04-20,Gadag,0.0,30.1,81.4
2026-04-21,Gadag,0.0,30.9,77.5
2026-04-22,Gadag,38.3,33.1,78.4
2026-04-23,Gadag,0.0,30.0,80.7
2026-04-24,Gadag,0.0,31.3,77.6
2026-04-25,Gadag,0.0,29.2,81.3
2026-04-26,Gadag,0.0,28.5,79.3
2026-04-27,Gadag,0.0,28.8,92.7
2026-04-28,Gadag,0.0,32.2,83.8
2026-04-29,Gadag,0.0,28.3,79.0
2026-04-30,Gadag,0.0,27.4,81.2
2026-05-01,Gadag,0.0,27.4,81.4
2026-05-02,Gadag,13.7,28.0,86.7
2026-05-03,Gadag,0.0,24.6,88.4
2026-05-04,Gadag,0.0,26.7,77.7
2026-05-05,Gadag,0.0,25.6,81.1
2026-05-06,Gadag,0.0,24.4,83.5
2026-05-07,Gadag,0.0,28.1,91.6
2026-05-08,Gadag,7.4,27.5,87.4
2026-05-09,Gadag,0.0,25.5,79.6
2026-05-10,Gadag,0.0,28.7,81.6
2026-05-11,Gadag,0.0,27.1,81.6
2026-05-12,Gadag,0.0,27.5,83.0
2026-05-13,Gadag,0.0,28.7,79.2
2026-05-14,Gadag,0.0,27.7,85.7
2026-05-15,Gadag,3.9,29.1,79.5
2026-05-16,Gadag,0.0,28.0,84.7
2026-05-17,Gadag,0.7,28.6,78.3
2026-05-18,Gadag,0.0,28.7,80.7
2026-05-19,Gadag,0.0,28.6,88.4
2026-05-20,Gadag,0.0,27.0,79.7
2026-05-21,Gadag,0.0,28.9,92.2
2026-05-22,Gadag,0.0,27.2,86.3
2026-02-22,Belgaum,0.0,28.6,56.8
2026-02-23,Belgaum,0.0,30.6,57.9
2026-02-24,Belgaum,0.0,31.3,57.7
2026-02-25,Belgaum,0.0,33.0,50.9
2026-02-26,Belgaum,0.0,30.6,51.9
2026-02-27,Belgaum,0.0,30.9,59.4
2026-02-28,Belgaum,0.0,29.7,61.9
2026-03-01,Belgaum,0.0,31.7,54.5
2026-03-02,Belgaum,0.0,29.6,55.7
2026-03-03,Belgaum,0.0,30.0,53.7
2026-03-04,Belgaum,0.0,32.8,62.2
2026-03-05,Belgaum,0.0,29.3,59.6
2026-03-06,Belgaum,0.0,30.1,61.3
2026-03-07,Belgaum,0.0,30.0,61.7
2026-03-08,Belgaum,0.0,36.2,66.2
2026-03-09,Belgaum,0.0,30.8,61.2
2026-03-10,Belgaum,0.0,30.6,64.4
2026-03-11,Belgaum,0.0,30.3,62.4
2026-03-12,Belgaum,0.0,28.4,63.7
2026-03-13,Belgaum,0.0,31.4,60.6
2026-03-14,Belgaum,0.0,30.7,57.7
2026-03-15,Belgaum,0.0,28.6,56.8
2026-03-16,Belgaum,0.0,28.1,71.4
2026-03-17,Belgaum,0.0,30.1,75.4
2026-03-18,Belgaum,0.0,27.0,65.4
2026-03-19,Belgaum,0.0,29.3,65.9
2026-03-20,Belgaum,0.0,30.2,66.7
2026-03-21,Belgaum,0.0,26.4,59.0
2026-03-22,Belgaum,0.8,30.3,59.3
2026-03-23,Belgaum,0.0,30.2,65.3
2026-03-24,Belgaum,0.0,26.7,62.7
2026-03-25,Belgaum,0.0,28.1,56.9
2026-03-26,Belgaum,0.0,31.7,74.6
2026-03-27,Belgaum,14.2,30.7,61.5
2026-03-28,Belgaum,0.0,26.1,64.3
2026-03-29,Belgaum,0.0,25.8,66.3
2026-03-30,Belgaum,0.0,29.0,71.8
2026-03-31,Belgaum,0.0,28.0,66.8
2026-04-01,Belgaum,12.9,28.1,70.2
2026-04-02,Belgaum,0.0,27.1,73.3
2026-04-03,Belgaum,0.0,27.9,61.8
2026-04-04,Belgaum,0.0,29.3,57.5
2026-04-05,Belgaum,0.0,30.9,69.3
2026-04-06,Belgaum,0.0,26.1,65.8
2026-04-07,Belgaum,0.0,29.5,66.4
2026-04-08,Belgaum,0.0,32.0,65.6
2026-04-09,Belgaum,0.0,28.8,59.3
2026-04-10,Belgaum,8.9,31.0,65.2
2026-04-11,Belgaum,0.0,30.8,54.7
2026-04-12,Belgaum,3.5,31.7,64.0
2026-04-13,Belgaum,0.0,31.2,65.1
2026-04-14,Belgaum,0.0,28.0,71.7
2026-04-15,Belgaum,0.0,30.1,66.4
2026-04-16,Belgaum,3.9,32.3,72.2
2026-04-17,Belgaum,0.0,30.3,63.5
2026-04-18,Belgaum,0.0,31.6,62.8
2026-04-19,Belgaum,2.7,31.0,72.0
2026-04-20,Belgaum,0.0,34.0,73.1
2026-04-21,Belgaum,0.0,28.5,77.8
2026-04-22,Belgaum,0.0,32.5,71.5
2026-04-23,Belgaum,0.0,29.7,67.1
2026-04-24,Belgaum,6.7,29.2,68.9
2026-04-25,Belgaum,2.0,29.5,71.4
2026-04-26,Belgaum,0.0,32.8,68.5
2026-04-27,Belgaum,0.0,28.3,71.7
2026-04-28,Belgaum,0.0,29.2,67.5
2026-04-29,Belgaum,0.0,29.3,77.5
2026-04-30,Belgaum,0.0,27.5,71.8
2026-05-01,Belgaum,0.0,30.0,64.4
2026-05-02,Belgaum,2.4,31.7,72.0
2026-05-03,Belgaum,0.0,27.9,73.4
2026-05-04,Belgaum,0.0,30.0,79.0
2026-05-05,Belgaum,0.0,25.7,71.8
2026-05-06,Belgaum,0.0,26.8,68.6
2026-05-07,Belgaum,0.0,25.0,74.8
2026-05-08,Belgaum,0.0,26.7,67.5
2026-05-09,Belgaum,0.0,31.1,80.0
2026-05-10,Belgaum,0.0,25.8,62.4
2026-05-11,Belgaum,11.1,25.9,81.1
2026-05-12,Belgaum,0.0,27.8,72.3
2026-05-13,Belgaum,1.3,25.7,69.7
2026-05-14,Belgaum,0.0,28.8,72.6
2026-05-15,Belgaum,0.0,28.5,72.3
2026-05-16,Belgaum,12.7,27.1,71.3
2026-05-17,Belgaum,0.0,26.9,75.4
2026-05-18,Belgaum,0.0,25.7,71.5
2026-05-19,Belgaum,0.0,29.1,68.6
2026-05-20,Belgaum,0.0,28.6,76.7
2026-05-21,Belgaum,0.0,27.7,70.5
2026-05-22,Belgaum,0.0,28.3,77.3
2026-02-22,Bidar,0.0,34.0,55.6
2026-02-23,Bidar,0.0,35.4,64.2
2026-02-24,Bidar,7.9,31.9,64.4
2026-02-25,Bidar,0.0,33.5,58.4
2026-02-26,Bidar,0.0,35.4,61.2
2026-02-27,Bidar,0.0,36.4,43.5
2026-02-28,Bidar,0.0,33.6,61.7
2026-03-01,Bidar,0.0,34.2,60.3
2026-03-02,Bidar,0.0,35.9,65.4
2026-03-03,Bidar,0.0,35.5,65.8
2026-03-04,Bidar,0.8,33.3,59.5
2026-03-05,Bidar,0.0,35.5,60.0
2026-03-06,Bidar,3.4,34.7,54.4
2026-03-07,Bidar,0.0,36.9,67.2
2026-03-08,Bidar,13.1,34.9,56.6
2026-03-09,Bidar,0.0,35.5,64.2
2026-03-10,Bidar,0.0,36.3,53.8
2026-03-11,Bidar,6.6,32.5,56.0
2026-03-12,Bidar,0.0,33.5,58.7
2026-03-13,Bidar,0.0,36.2,63.1
2026-03-14,Bidar,0.0,32.4,57.3
2026-03-15,Bidar,10.5,32.7,63.8
2026-03-16,Bidar,0.0,34.2,58.6
2026-03-17,Bidar,0.0,34.8,62.1
2026-03-18,Bidar,0.0,31.0,55.7
2026-03-19,Bidar,0.0,32.0,63.5
2026-03-20,Bidar,0.0,31.1,65.0
2026-03-21,Bidar,0.0,33.0,64.6
2026-03-22,Bidar,0.0,28.8,64.8
2026-03-23,Bidar,0.0,32.0,60.4
2026-03-24,Bidar,3.6,32.5,72.8
2026-03-25,Bidar,0.0,32.4,61.6
2026-03-26,Bidar,0.0,31.9,58.2
2026-03-27,Bidar,7.1,31.8,49.4
2026-03-28,Bidar,0.0,31.1,67.6
2026-03-29,Bidar,0.0,30.6,69.1
2026-03-30,Bidar,0.0,28.6,62.6
2026-03-31,Bidar,0.0,32.5,58.9
2026-04-01,Bidar,20.3,32.0,66.2
2026-04-02,Bidar,0.0,31.5,68.0
2026-04-03,Bidar,0.0,30.6,58.1
2026-04-04,Bidar,0.0,31.1,62.9
2026-04-05,Bidar,0.0,32.1,69.3
2026-04-06,Bidar,0.0,32.3,68.2
2026-04-07,Bidar,0.0,33.7,73.1
2026-04-08,Bidar,0.1,33.5,66.7
2026-04-09,Bidar,0.0,33.5,62.0
2026-04-10,Bidar,0.0,32.7,68.5
2026-04-11,Bidar,0.0,31.0,67.0
2026-04-12,Bidar,0.0,36.4,75.1
2026-04-13,Bidar,0.0,35.2,61.9
2026-04-14,Bidar,0.0,34.3,74.5
2026-04-15,Bidar,0.0,34.7,66.1
2026-04-16,Bidar,0.0,35.6,69.4
2026-04-17,Bidar,10.8,33.5,74.1
2026-04-18,Bidar,0.4,35.0,78.3
2026-04-19,Bidar,0.0,37.5,61.2
2026-04-20,Bidar,0.0,34.8,70.1
2026-04-21,Bidar,0.0,32.6,67.3
2026-04-22,Bidar,0.0,38.0,69.3
2026-04-23,Bidar,9.0,32.7,72.4
2026-04-24,Bidar,0.0,34.6,72.9
2026-04-25,Bidar,0.0,34.5,74.6
2026-04-26,Bidar,0.0,31.8,75.7
2026-04-27,Bidar,0.0,34.4,74.9
2026-04-28,Bidar,0.0,35.8,68.1
2026-04-29,Bidar,0.0,34.4,70.8
2026-04-30,Bidar,0.0,32.6,79.4
2026-05-01,Bidar,21.6,31.6,62.4
2026-05-02,Bidar,0.0,32.4,77.3
2026-05-03,Bidar,0.0,31.7,71.1
2026-05-04,Bidar,0.0,30.2,71.8
2026-05-05,Bidar,0.0,32.4,70.6
2026-05-06,Bidar,0.0,33.1,60.8
2026-05-07,Bidar,2.1,32.1,74.7
2026-05-08,Bidar,0.0,29.7,75.3
2026-05-09,Bidar,0.0,31.6,64.5
2026-05-10,Bidar,0.0,30.9,65.7
2026-05-11,Bidar,0.0,30.7,71.5
2026-05-12,Bidar,0.0,31.9,76.0
2026-05-13,Bidar,0.0,30.5,77.8
2026-05-14,Bidar,0.0,32.7,71.0
2026-05-15,Bidar,0.0,31.2,76.3
2026-05-16,Bidar,0.0,32.1,75.8
2026-05-17,Bidar,0.0,32.6,73.2
2026-05-18,Bidar,0.0,30.5,75.1
2026-05-19,Bidar,0.0,31.9,75.9
2026-05-20,Bidar,0.0,34.9,72.2
2026-05-21,Bidar,9.9,35.8,77.1
2026-05-22,Bidar,2.8,32.9,80.1
2026-02-22,Guntur,0.0,32.0,58.7
2026-02-23,Guntur,12.6,33.0,47.4
2026-02-24,Guntur,0.0,33.9,51.0
2026-02-25,Guntur,0.0,34.7,50.5
2026-02-26,Guntur,7.1,30.7,45.6
2026-02-27,Guntur,0.0,33.9,52.1
2026-02-28,Guntur,0.0,36.5,52.9
2026-03-01,Guntur,0.0,36.2,58.9
2026-03-02,Guntur,20.6,37.2,59.5
2026-03-03,Guntur,0.0,35.8,43.8
2026-03-04,Guntur,0.0,36.0,47.4
2026-03-05,Guntur,0.0,34.3,54.9
2026-03-06,Guntur,0.0,36.6,55.9
2026-03-07,Guntur,0.0,33.4,48.4
2026-03-08,Guntur,0.0,34.8,50.0
2026-03-09,Guntur,0.0,35.6,46.1
2026-03-10,Guntur,0.0,39.2,52.6
2026-03-11,Guntur,0.0,34.4,57.6
2026-03-12,Guntur,0.0,34.3,44.3
2026-03-13,Guntur,0.0,33.2,49.1
2026-03-14,Guntur,13.3,33.8,60.0
2026-03-15,Guntur,0.0,35.9,51.8
2026-03-16,Guntur,0.0,34.5,49.6
2026-03-17,Guntur,0.0,33.6,56.0
2026-03-18,Guntur,0.0,31.8,45.5
2026-03-19,Guntur,0.0,28.5,55.4
2026-03-20,Guntur,0.0,31.7,59.5
2026-03-21,Guntur,0.0,31.6,57.8
2026-03-22,Guntur,0.0,33.6,51.6
2026-03-23,Guntur,0.0,30.0,48.6
2026-03-24,Guntur,0.0,30.8,52.8
2026-03-25,Guntur,0.0,28.7,60.3
2026-03-26,Guntur,0.5,30.7,52.7
2026-03-27,Guntur,0.0,30.7,55.1
2026-03-28,Guntur,0.0,32.7,52.8
2026-03-29,Guntur,0.0,31.8,54.7
2026-03-30,Guntur,9.8,30.7,57.7
2026-03-31,Guntur,0.0,31.8,58.3
2026-04-01,Guntur,0.0,31.8,55.7
2026-04-02,Guntur,0.0,29.9,53.7
2026-04-03,Guntur,0.0,35.5,51.3
2026-04-04,Guntur,0.0,32.9,51.0
2026-04-05,Guntur,0.0,34.5,54.5
2026-04-06,Guntur,0.0,31.3,63.2
2026-04-07,Guntur,0.0,30.6,53.5
2026-04-08,Guntur,0.0,32.0,57.9
2026-04-09,Guntur,0.0,33.5,66.3
2026-04-10,Guntur,0.0,31.7,63.8
2026-04-11,Guntur,0.0,35.2,60.8
2026-04-12,Guntur,5.5,32.9,53.7
2026-04-13,Guntur,0.0,35.0,58.4
2026-04-14,Guntur,0.0,36.5,56.5
2026-04-15,Guntur,0.0,32.7,63.0
2026-04-16,Guntur,0.0,35.0,59.6
2026-04-17,Guntur,0.0,33.6,58.5
2026-04-18,Guntur,0.0,34.5,60.1
2026-04-19,Guntur,0.0,35.3,57.9
2026-04-20,Guntur,0.0,33.9,64.2
2026-04-21,Guntur,0.0,32.4,65.1
2026-04-22,Guntur,0.0,33.5,61.3
2026-04-23,Guntur,2.4,34.1,61.7
2026-04-24,Guntur,0.0,35.1,65.2
2026-04-25,Guntur,0.0,34.5,62.8
2026-04-26,Guntur,0.0,33.6,66.4
2026-04-27,Guntur,0.0,32.0,68.3
2026-04-28,Guntur,0.0,31.5,58.5
2026-04-29,Guntur,0.0,33.4,66.8
2026-04-30,Guntur,0.0,33.7,57.4
2026-05-01,Guntur,0.0,31.8,55.8
2026-05-02,Guntur,0.0,32.9,67.3
2026-05-03,Guntur,0.7,31.9,61.7
2026-05-04,Guntur,0.0,29.7,66.7
2026-05-05,Guntur,0.0,32.0,66.5
2026-05-06,Guntur,12.3,31.0,69.6
2026-05-07,Guntur,0.0,31.7,53.7
2026-05-08,Guntur,0.0,29.8,61.2
2026-05-09,Guntur,4.6,31.6,62.2
2026-05-10,Guntur,0.0,33.8,63.9
2026-05-11,Guntur,8.8,32.8,69.4
2026-05-12,Guntur,0.0,29.6,67.0
2026-05-13,Guntur,0.0,31.6,65.6
2026-05-14,Guntur,0.0,30.7,52.7
2026-05-15,Guntur,0.0,30.7,71.8
2026-05-16,Guntur,0.0,33.1,64.4
2026-05-17,Guntur,0.0,32.3,72.5
2026-05-18,Guntur,23.8,30.2,53.5
2026-05-19,Guntur,1.9,33.5,55.0
2026-05-20,Guntur,9.2,33.1,67.3
2026-05-21,Guntur,7.2,35.6,69.7
2026-05-22,Guntur,0.0,35.4,63.7
2026-02-22,Krishna,0.0,27.6,49.6
2026-02-23,Krishna,0.0,28.7,59.8
2026-02-24,Krishna,1.3,27.7,51.9
2026-02-25,Krishna,0.0,28.5,53.5
2026-02-26,Krishna,0.0,30.0,61.6
2026-02-27,Krishna,0.0,26.9,62.1
2026-02-28,Krishna,0.0,29.2,62.9
2026-03-01,Krishna,0.0,29.5,55.2
2026-03-02,Krishna,0.0,31.5,54.8
2026-03-03,Krishna,0.0,31.3,56.6
2026-03-04,Krishna,0.0,30.1,60.3
2026-03-05,Krishna,0.0,32.0,60.5
2026-03-06,Krishna,0.0,29.3,62.5
2026-03-07,Krishna,0.0,28.7,66.3
2026-03-08,Krishna,0.0,31.6,62.3
2026-03-09,Krishna,0.0,28.9,62.6
2026-03-10,Krishna,0.0,29.6,60.4
2026-03-11,Krishna,0.0,29.0,66.7
2026-03-12,Krishna,12.5,29.5,57.7
2026-03-13,Krishna,0.0,30.3,69.9
2026-03-14,Krishna,0.0,27.3,64.1
2026-03-15,Krishna,0.0,31.5,67.8
2026-03-16,Krishna,3.6,28.7,64.5
2026-03-17,Krishna,0.0,29.6,65.0
2026-03-18,Krishna,0.0,30.0,54.7
2026-03-19,Krishna,0.0,29.4,64.2
2026-03-20,Krishna,0.0,27.0,69.6
2026-03-21,Krishna,0.0,29.6,59.0
2026-03-22,Krishna,0.4,26.4,65.6
2026-03-23,Krishna,0.0,24.8,70.0
2026-03-24,Krishna,0.0,27.8,65.5
2026-03-25,Krishna,0.0,25.1,61.6
2026-03-26,Krishna,0.0,26.1,72.7
2026-03-27,Krishna,0.0,27.2,67.6
2026-03-28,Krishna,0.0,28.6,66.8
2026-03-29,Krishna,0.0,24.3,64.1
2026-03-30,Krishna,0.0,24.9,73.8
2026-03-31,Krishna,0.0,28.1,67.2
2026-04-01,Krishna,59.8,25.6,61.8
2026-04-02,Krishna,0.0,26.6,76.1
2026-04-03,Krishna,0.0,26.8,63.5
2026-04-04,Krishna,0.0,27.9,62.6
2026-04-05,Krishna,0.0,29.0,65.5
2026-04-06,Krishna,0.0,27.6,74.4
2026-04-07,Krishna,15.6,28.4,64.0
2026-04-08,Krishna,0.0,27.4,69.8
2026-04-09,Krishna,0.0,29.4,68.8
2026-04-10,Krishna,0.0,32.5,65.2
2026-04-11,Krishna,0.0,27.6,68.0
2026-04-12,Krishna,0.0,28.6,70.6
2026-04-13,Krishna,0.0,28.1,66.1
2026-04-14,Krishna,0.0,29.7,73.5
2026-04-15,Krishna,0.0,32.3,72.8
2026-04-16,Krishna,0.0,32.1,68.0
2026-04-17,Krishna,0.0,28.6,68.7
2026-04-18,Krishna,0.0,29.5,80.0
2026-04-19,Krishna,0.0,31.6,70.7
2026-04-20,Krishna,0.0,31.9,61.1
2026-04-21,Krishna,0.4,29.5,65.7
2026-04-22,Krishna,0.0,28.7,66.3
2026-04-23,Krishna,9.1,30.2,67.7
2026-04-24,Krishna,0.0,29.5,66.0
2026-04-25,Krishna,0.0,33.4,80.4
2026-04-26,Krishna,0.0,29.1,82.0
2026-04-27,Krishna,0.7,31.4,77.9
2026-04-28,Krishna,0.0,32.6,64.6
2026-04-29,Krishna,0.0,29.1,77.2
2026-04-30,Krishna,12.3,26.3,73.3
2026-05-01,Krishna,0.0,27.2,73.0
2026-05-02,Krishna,0.0,28.4,67.9
2026-05-03,Krishna,0.0,27.5,79.1
2026-05-04,Krishna,0.0,26.2,83.1
2026-05-05,Krishna,10.6,26.9,72.4
2026-05-06,Krishna,0.0,29.9,75.0
2026-05-07,Krishna,0.0,27.8,78.4
2026-05-08,Krishna,0.0,26.8,75.3
2026-05-09,Krishna,0.0,27.0,68.3
2026-05-10,Krishna,44.5,27.4,67.3
2026-05-11,Krishna,19.0,26.7,66.2
2026-05-12,Krishna,0.0,26.3,75.1
2026-05-13,Krishna,5.6,26.6,78.3
2026-05-14,Krishna,0.0,28.5,80.7
2026-05-15,Krishna,0.0,28.5,70.2
2026-05-16,Krishna,0.9,25.8,70.7
2026-05-17,Krishna,4.7,27.0,76.5
2026-05-18,Krishna,0.0,28.5,78.6
2026-05-19,Krishna,4.4,30.2,78.2
2026-05-20,Krishna,0.0,29.3,81.2
2026-05-21,Krishna,0.0,27.0,74.9
2026-05-22,Krishna,0.0,28.7,69.8
2026-02-22,Kurnool,0.0,31.1,50.7
2026-02-23,Kurnool,0.0,32.8,62.3
2026-02-24,Kurnool,0.0,34.9,61.2
2026-02-25,Kurnool,0.0,32.0,55.9
2026-02-26,Kurnool,6.8,33.8,60.4
2026-02-27,Kurnool,0.0,34.2,46.2
2026-02-28,Kurnool,0.0,35.3,65.8
2026-03-01,Kurnool,0.0,33.1,55.4
2026-03-02,Kurnool,0.0,35.0,58.9
2026-03-03,Kurnool,0.0,32.5,66.1
2026-03-04,Kurnool,15.2,33.3,57.1
2026-03-05,Kurnool,0.0,34.6,60.2
2026-03-06,Kurnool,0.0,33.6,57.2
2026-03-07,Kurnool,0.0,34.3,63.8
2026-03-08,Kurnool,4.1,35.5,57.1
2026-03-09,Kurnool,0.0,35.2,51.3
2026-03-10,Kurnool,0.0,34.4,55.5
2026-03-11,Kurnool,0.0,34.7,62.2
2026-03-12,Kurnool,19.4,33.5,70.6
2026-03-13,Kurnool,0.0,33.7,54.8
2026-03-14,Kurnool,0.0,31.6,54.8
2026-03-15,Kurnool,0.0,30.6,68.3
2026-03-16,Kurnool,0.0,31.6,66.3
2026-03-17,Kurnool,8.5,31.4,66.1
2026-03-18,Kurnool,0.0,32.4,72.3
2026-03-19,Kurnool,0.0,29.5,62.1
2026-03-20,Kurnool,0.0,30.8,72.4
2026-03-21,Kurnool,0.0,29.5,60.2
2026-03-22,Kurnool,0.0,29.5,62.2
2026-03-23,Kurnool,0.0,30.4,61.5
2026-03-24,Kurnool,21.8,29.6,68.8
2026-03-25,Kurnool,0.0,30.7,58.0
2026-03-26,Kurnool,0.0,32.9,68.1
2026-03-27,Kurnool,0.0,31.8,62.1
2026-03-28,Kurnool,0.0,30.3,59.6
2026-03-29,Kurnool,0.0,31.6,69.2
2026-03-30,Kurnool,0.0,31.8,69.6
2026-03-31,Kurnool,4.1,30.7,73.1
2026-04-01,Kurnool,0.0,31.6,71.2
2026-04-02,Kurnool,0.0,27.7,68.6
2026-04-03,Kurnool,0.0,30.4,70.4
2026-04-04,Kurnool,0.0,32.3,61.3
2026-04-05,Kurnool,0.0,29.5,69.8
2026-04-06,Kurnool,0.0,30.4,66.8
2026-04-07,Kurnool,8.6,34.0,62.7
2026-04-08,Kurnool,0.0,33.0,71.1
2026-04-09,Kurnool,0.0,31.5,68.6
2026-04-10,Kurnool,0.0,35.5,75.2
2026-04-11,Kurnool,0.0,31.6,70.6
2026-04-12,Kurnool,15.3,35.0,67.2
2026-04-13,Kurnool,0.0,37.0,69.4
2026-04-14,Kurnool,8.0,36.5,63.2
2026-04-15,Kurnool,0.0,33.9,66.6
2026-04-16,Kurnool,0.0,35.2,61.6
2026-04-17,Kurnool,0.0,34.7,68.7
2026-04-18,Kurnool,0.0,34.2,63.4
2026-04-19,Kurnool,0.0,33.5,76.4
2026-04-20,Kurnool,0.0,33.8,67.7
2026-04-21,Kurnool,0.0,35.9,74.9
2026-04-22,Kurnool,0.0,37.2,64.7
2026-04-23,Kurnool,0.0,32.8,63.5
2026-04-24,Kurnool,0.0,34.8,66.0
2026-04-25,Kurnool,0.0,33.0,70.8
2026-04-26,Kurnool,0.0,32.4,74.6
2026-04-27,Kurnool,0.0,32.9,66.1
2026-04-28,Kurnool,0.0,32.6,67.1
2026-04-29,Kurnool,0.0,30.5,69.0
2026-04-30,Kurnool,0.0,34.2,76.1
2026-05-01,Kurnool,0.0,33.8,73.8
2026-05-02,Kurnool,0.0,29.4,69.2
2026-05-03,Kurnool,0.0,29.8,61.1
2026-05-04,Kurnool,0.0,28.6,66.8
2026-05-05,Kurnool,0.9,30.1,75.6
2026-05-06,Kurnool,2.5,31.4,70.8
2026-05-07,Kurnool,0.0,26.7,75.4
2026-05-08,Kurnool,0.0,31.2,73.5
2026-05-09,Kurnool,0.0,32.5,74.4
2026-05-10,Kurnool,0.0,31.3,66.2
2026-05-11,Kurnool,0.0,30.3,69.7
2026-05-12,Kurnool,0.0,31.9,68.7
2026-05-13,Kurnool,3.8,28.7,70.9
2026-05-14,Kurnool,0.0,32.4,66.0
2026-05-15,Kurnool,0.0,31.1,75.5
2026-05-16,Kurnool,0.0,34.3,77.0
2026-05-17,Kurnool,0.0,32.0,70.9
2026-05-18,Kurnool,0.0,30.5,73.2
2026-05-19,Kurnool,0.0,31.2,74.4
2026-05-20,Kurnool,0.0,34.0,76.7
2026-05-21,Kurnool,0.0,34.5,86.5
2026-05-22,Kurnool,0.0,33.3,76.3
2026-02-22,Anantapur,0.0,29.5,49.3
2026-02-23,Anantapur,0.0,29.7,50.5
2026-02-24,Anantapur,0.0,28.7,42.4
2026-02-25,Anantapur,0.0,29.4,52.0
2026-02-26,Anantapur,0.0,30.5,48.0
2026-02-27,Anantapur,0.0,30.3,37.6
2026-02-28,Anantapur,0.0,30.2,50.9
2026-03-01,Anantapur,0.0,32.1,46.6
2026-03-02,Anantapur,0.0,30.3,48.3
2026-03-03,Anantapur,0.0,30.9,57.4
2026-03-04,Anantapur,0.0,30.6,43.3
2026-03-05,Anantapur,0.0,32.5,54.7
2026-03-06,Anantapur,0.0,28.9,44.4
2026-03-07,Anantapur,0.0,32.3,61.7
2026-03-08,Anantapur,0.0,30.7,52.5
2026-03-09,Anantapur,0.0,30.9,51.8
2026-03-10,Anantapur,0.0,29.3,53.0
2026-03-11,Anantapur,0.0,31.0,48.2
2026-03-12,Anantapur,28.5,31.2,51.7
2026-03-13,Anantapur,0.0,28.6,53.7
2026-03-14,Anantapur,0.0,32.2,54.7
2026-03-15,Anantapur,0.0,27.2,49.5
2026-03-16,Anantapur,0.0,26.9,58.3
2026-03-17,Anantapur,9.3,30.4,45.2
2026-03-18,Anantapur,0.6,29.4,61.7
2026-03-19,Anantapur,13.8,29.8,55.7
2026-03-20,Anantapur,0.0,27.7,58.6
2026-03-21,Anantapur,0.0,29.0,50.8
2026-03-22,Anantapur,0.0,28.2,55.0
2026-03-23,Anantapur,15.1,28.9,62.5
2026-03-24,Anantapur,0.0,29.1,51.3
2026-03-25,Anantapur,0.0,25.8,52.5
2026-03-26,Anantapur,0.0,27.0,59.8
2026-03-27,Anantapur,0.0,27.8,58.5
2026-03-28,Anantapur,0.0,24.9,55.6
2026-03-29,Anantapur,0.0,29.7,54.0
2026-03-30,Anantapur,0.0,25.2,66.1
2026-03-31,Anantapur,16.6,24.9,48.9
2026-04-01,Anantapur,0.0,28.4,57.5
2026-04-02,Anantapur,1.9,29.4,51.9
2026-04-03,Anantapur,0.0,26.1,56.6
2026-04-04,Anantapur,1.6,27.1,65.3
2026-04-05,Anantapur,8.9,28.3,54.6
2026-04-06,Anantapur,0.0,29.1,56.1
2026-04-07,Anantapur,0.0,29.5,64.1
2026-04-08,Anantapur,0.0,30.9,64.7
2026-04-09,Anantapur,0.0,32.0,60.4
2026-04-10,Anantapur,0.0,32.2,53.8
2026-04-11,Anantapur,0.0,31.2,58.2
2026-04-12,Anantapur,0.0,31.0,54.4
2026-04-13,Anantapur,0.0,30.3,58.0
2026-04-14,Anantapur,3.0,27.7,63.7
2026-04-15,Anantapur,0.0,29.1,61.2
2026-04-16,Anantapur,0.0,32.9,58.8
2026-04-17,Anantapur,0.0,33.1,57.0
2026-04-18,Anantapur,8.3,29.9,60.9
2026-04-19,Anantapur,0.0,32.2,63.8
2026-04-20,Anantapur,0.0,30.9,63.0
2026-04-21,Anantapur,0.0,29.7,55.0
2026-04-22,Anantapur,0.0,29.5,65.0
2026-04-23,Anantapur,0.0,29.9,53.5
2026-04-24,Anantapur,0.0,31.2,65.0
2026-04-25,Anantapur,4.0,30.1,54.4
2026-04-26,Anantapur,0.0,29.1,66.8
2026-04-27,Anantapur,3.6,31.5,65.8
2026-04-28,Anantapur,0.0,29.9,65.7
2026-04-29,Anantapur,0.0,29.3,69.8
2026-04-30,Anantapur,0.0,30.0,64.3
2026-05-01,Anantapur,10.5,27.8,53.3
2026-05-02,Anantapur,0.0,28.6,64.2
2026-05-03,Anantapur,0.0,29.7,63.5
2026-05-04,Anantapur,0.0,26.7,60.3
2026-05-05,Anantapur,0.0,30.2,54.9
2026-05-06,Anantapur,27.6,28.4,70.6
2026-05-07,Anantapur,0.0,26.9,61.2
2026-05-08,Anantapur,0.0,26.7,58.3
2026-05-09,Anantapur,0.0,29.0,59.4
2026-05-10,Anantapur,0.0,28.1,67.8
2026-05-11,Anantapur,0.0,29.1,65.5
2026-05-12,Anantapur,0.0,29.9,59.8
2026-05-13,Anantapur,0.0,27.9,75.4
2026-05-14,Anantapur,0.0,29.7,66.0
2026-05-15,Anantapur,0.0,28.8,67.1
2026-05-16,Anantapur,0.0,26.3,68.6
2026-05-17,Anantapur,0.0,29.2,64.6
2026-05-18,Anantapur,0.0,29.0,59.4
2026-05-19,Anantapur,7.2,29.6,63.1
2026-05-20,Anantapur,0.0,30.7,70.4
2026-05-21,Anantapur,0.0,30.3,68.4
2026-05-22,Anantapur,0.0,29.7,61.8
2026-02-22,Prakasam,0.0,29.1,65.7
2026-02-23,Prakasam,0.0,34.1,68.6
2026-02-24,Prakasam,0.0,32.5,63.9
2026-02-25,Prakasam,0.0,34.2,71.7
2026-02-26,Prakasam,0.0,31.7,63.5
2026-02-27,Prakasam,0.0,30.0,63.5
2026-02-28,Prakasam,0.0,34.0,72.6
2026-03-01,Prakasam,0.0,33.7,74.4
2026-03-02,Prakasam,0.0,31.1,64.8
2026-03-03,Prakasam,0.0,36.6,73.5
2026-03-04,Prakasam,0.0,32.5,73.4
2026-03-05,Prakasam,0.0,35.0,75.3
2026-03-06,Prakasam,0.0,33.8,69.1
2026-03-07,Prakasam,0.0,32.3,67.3
2026-03-08,Prakasam,0.0,32.0,75.2
2026-03-09,Prakasam,0.0,32.9,75.3
2026-03-10,Prakasam,0.0,35.5,64.8
2026-03-11,Prakasam,0.0,31.5,73.8
2026-03-12,Prakasam,0.0,35.5,70.3
2026-03-13,Prakasam,0.0,33.7,76.6
2026-03-14,Prakasam,0.0,32.5,70.9
2026-03-15,Prakasam,0.0,32.2,77.2
2026-03-16,Prakasam,0.0,32.5,69.0
2026-03-17,Prakasam,0.0,31.9,69.6
2026-03-18,Prakasam,0.0,30.7,68.4
2026-03-19,Prakasam,0.0,30.2,65.6
2026-03-20,Prakasam,0.0,31.4,69.5
2026-03-21,Prakasam,0.0,30.2,69.4
2026-03-22,Prakasam,0.0,30.8,57.7
2026-03-23,Prakasam,16.0,28.6,73.5
2026-03-24,Prakasam,0.0,30.7,75.6
2026-03-25,Prakasam,0.0,29.7,75.3
2026-03-26,Prakasam,0.0,27.2,75.4
2026-03-27,Prakasam,0.0,29.4,72.9
2026-03-28,Prakasam,0.0,27.8,67.8
2026-03-29,Prakasam,2.4,30.3,67.3
2026-03-30,Prakasam,0.0,31.5,69.4
2026-03-31,Prakasam,0.0,29.5,78.9
2026-04-01,Prakasam,11.9,34.1,71.6
2026-04-02,Prakasam,15.2,32.1,77.4
2026-04-03,Prakasam,0.0,30.0,80.4
2026-04-04,Prakasam,0.0,29.2,76.4
2026-04-05,Prakasam,0.0,29.8,69.8
2026-04-06,Prakasam,2.6,28.2,67.9
2026-04-07,Prakasam,0.0,33.1,69.8
2026-04-08,Prakasam,0.0,32.4,76.2
2026-04-09,Prakasam,0.0,31.5,81.7
2026-04-10,Prakasam,0.0,31.9,70.2
2026-04-11,Prakasam,0.0,31.9,78.0
2026-04-12,Prakasam,1.5,33.6,71.9
2026-04-13,Prakasam,0.0,33.3,70.6
2026-04-14,Prakasam,0.0,34.1,75.8
2026-04-15,Prakasam,0.0,35.5,77.1
2026-04-16,Prakasam,0.0,35.4,77.6
2026-04-17,Prakasam,0.0,33.9,74.0
2026-04-18,Prakasam,0.0,31.6,79.2
2026-04-19,Prakasam,0.0,32.5,81.9
2026-04-20,Prakasam,0.0,35.5,71.8
2026-04-21,Prakasam,0.0,31.1,75.9
2026-04-22,Prakasam,0.0,35.0,75.0
2026-04-23,Prakasam,0.0,34.6,78.6
2026-04-24,Prakasam,0.0,31.8,79.1
2026-04-25,Prakasam,0.0,34.1,81.2
2026-04-26,Prakasam,0.0,32.2,76.7
2026-04-27,Prakasam,0.0,32.0,82.7
2026-04-28,Prakasam,0.0,33.2,80.3
2026-04-29,Prakasam,0.0,34.6,81.4
2026-04-30,Prakasam,0.7,33.6,75.0
2026-05-01,Prakasam,15.6,30.8,86.2
2026-05-02,Prakasam,0.0,30.2,90.1
2026-05-03,Prakasam,0.0,33.7,76.7
2026-05-04,Prakasam,11.6,30.0,77.6
2026-05-05,Prakasam,0.0,30.2,76.3
2026-05-06,Prakasam,0.0,31.5,85.8
2026-05-07,Prakasam,0.0,29.9,83.0
2026-05-08,Prakasam,0.0,27.9,87.5
2026-05-09,Prakasam,0.0,31.1,86.6
2026-05-10,Prakasam,0.0,29.9,89.8
2026-05-11,Prakasam,0.0,30.7,86.4
2026-05-12,Prakasam,0.0,31.0,84.3
2026-05-13,Prakasam,4.4,29.7,87.4
2026-05-14,Prakasam,0.0,31.4,75.9
2026-05-15,Prakasam,0.0,31.3,78.9
2026-05-16,Prakasam,0.0,30.2,91.1
2026-05-17,Prakasam,0.0,28.1,82.1
2026-05-18,Prakasam,0.0,30.2,86.0
2026-05-19,Prakasam,4.4,29.6,83.8
2026-05-20,Prakasam,0.0,33.9,91.4
2026-05-21,Prakasam,0.0,31.6,80.3
2026-05-22,Prakasam,0.8,35.1,84.7
2026-02-22,Chittoor,10.9,31.8,50.1
2026-02-23,Chittoor,0.0,30.7,50.3
2026-02-24,Chittoor,0.0,28.3,52.5
2026-02-25,Chittoor,0.0,31.6,46.5
2026-02-26,Chittoor,0.0,29.1,44.8
2026-02-27,Chittoor,0.0,30.1,55.4
2026-02-28,Chittoor,0.0,30.3,43.0
2026-03-01,Chittoor,0.0,31.6,57.9
2026-03-02,Chittoor,0.0,30.0,61.7
2026-03-03,Chittoor,0.0,30.2,56.9
2026-03-04,Chittoor,3.4,32.8,43.4
2026-03-05,Chittoor,0.0,33.0,49.8
2026-03-06,Chittoor,0.0,30.0,48.8
2026-03-07,Chittoor,0.0,27.4,55.3
2026-03-08,Chittoor,0.0,30.6,47.8
2026-03-09,Chittoor,0.0,30.0,55.0
2026-03-10,Chittoor,0.0,33.0,53.5
2026-03-11,Chittoor,22.1,31.8,55.0
2026-03-12,Chittoor,0.0,30.1,52.3
2026-03-13,Chittoor,7.7,29.1,37.8
2026-03-14,Chittoor,0.0,31.3,64.4
2026-03-15,Chittoor,0.0,31.7,55.6
2026-03-16,Chittoor,0.0,30.3,59.1
2026-03-17,Chittoor,0.0,29.0,59.6
2026-03-18,Chittoor,0.0,27.1,58.9
2026-03-19,Chittoor,23.7,27.4,61.2
2026-03-20,Chittoor,0.0,27.4,49.1
2026-03-21,Chittoor,0.0,24.6,55.7
2026-03-22,Chittoor,0.0,26.0,52.0
2026-03-23,Chittoor,2.9,27.4,52.6
2026-03-24,Chittoor,5.9,27.6,53.9
2026-03-25,Chittoor,0.0,26.2,56.7
2026-03-26,Chittoor,0.0,26.5,49.3
2026-03-27,Chittoor,0.0,25.7,57.1
2026-03-28,Chittoor,0.0,25.1,59.2
2026-03-29,Chittoor,0.0,26.8,54.3
2026-03-30,Chittoor,0.0,27.6,54.1
2026-03-31,Chittoor,0.0,25.1,52.1
2026-04-01,Chittoor,0.0,28.5,64.1
2026-04-02,Chittoor,0.0,25.7,60.3
2026-04-03,Chittoor,0.0,30.1,57.4
2026-04-04,Chittoor,1.2,29.1,58.2
2026-04-05,Chittoor,0.0,29.5,63.0
2026-04-06,Chittoor,0.0,27.0,57.2
2026-04-07,Chittoor,28.7,32.2,66.8
2026-04-08,Chittoor,0.0,30.0,58.9
2026-04-09,Chittoor,2.0,29.6,61.8
2026-04-10,Chittoor,0.0,31.1,52.1
2026-04-11,Chittoor,0.7,31.7,54.6
2026-04-12,Chittoor,0.0,29.5,60.2
2026-04-13,Chittoor,0.0,31.7,55.5
2026-04-14,Chittoor,0.0,30.0,63.6
2026-04-15,Chittoor,0.0,31.1,74.3
2026-04-16,Chittoor,0.0,33.6,50.8
2026-04-17,Chittoor,0.0,30.9,64.5
2026-04-18,Chittoor,0.0,32.2,67.5
2026-04-19,Chittoor,0.0,33.4,51.8
2026-04-20,Chittoor,0.0,32.9,66.2
2026-04-21,Chittoor,0.0,30.6,59.6
2026-04-22,Chittoor,8.8,32.0,60.8
2026-04-23,Chittoor,0.0,30.3,66.0
2026-04-24,Chittoor,0.0,30.5,71.4
2026-04-25,Chittoor,0.0,30.7,59.8
2026-04-26,Chittoor,0.0,28.7,56.3
2026-04-27,Chittoor,0.0,31.7,68.0
2026-04-28,Chittoor,0.0,29.3,55.8
2026-04-29,Chittoor,3.5,28.5,71.9
2026-04-30,Chittoor,5.4,30.2,67.3
2026-05-01,Chittoor,0.0,30.2,61.4
2026-05-02,Chittoor,0.0,30.7,58.1
2026-05-03,Chittoor,0.0,28.1,69.2
2026-05-04,Chittoor,0.0,28.1,64.6
2026-05-05,Chittoor,0.0,26.8,59.0
2026-05-06,Chittoor,0.0,26.5,59.3
2026-05-07,Chittoor,0.0,27.8,55.3
2026-05-08,Chittoor,0.0,26.4,67.3
2026-05-09,Chittoor,0.0,27.9,56.8
2026-05-10,Chittoor,0.0,27.7,57.5
2026-05-11,Chittoor,0.0,23.9,64.9
2026-05-12,Chittoor,0.0,28.6,61.6
2026-05-13,Chittoor,0.0,28.7,78.4
2026-05-14,Chittoor,0.0,29.4,69.4
2026-05-15,Chittoor,0.0,28.5,69.1
2026-05-16,Chittoor,0.0,28.3,66.0
2026-05-17,Chittoor,0.3,28.9,78.5
2026-05-18,Chittoor,8.2,28.8,69.9
2026-05-19,Chittoor,0.0,29.5,63.1
2026-05-20,Chittoor,0.0,28.4,66.4
2026-05-21,Chittoor,0.0,28.8,67.8
2026-05-22,Chittoor,0.0,26.4,61.8
2026-02-22,Kadapa,0.0,32.7,55.7
2026-02-23,Kadapa,7.7,28.7,65.1
2026-02-24,Kadapa,0.0,30.9,53.4
2026-02-25,Kadapa,0.0,32.1,64.7
2026-02-26,Kadapa,0.0,32.5,64.7
2026-02-27,Kadapa,0.0,34.2,64.5
2026-02-28,Kadapa,0.0,31.7,68.2
2026-03-01,Kadapa,0.0,29.9,62.2
2026-03-02,Kadapa,0.0,30.6,59.0
2026-03-03,Kadapa,0.0,34.3,69.8
2026-03-04,Kadapa,0.0,32.7,55.7
2026-03-05,Kadapa,0.0,30.8,53.8
2026-03-06,Kadapa,0.0,31.2,47.2
2026-03-07,Kadapa,0.0,33.8,57.5
2026-03-08,Kadapa,0.0,33.6,62.1
2026-03-09,Kadapa,0.0,33.8,59.5
2026-03-10,Kadapa,0.0,33.6,60.7
2026-03-11,Kadapa,0.0,32.1,65.7
2026-03-12,Kadapa,0.0,32.0,67.3
2026-03-13,Kadapa,0.0,31.8,79.2
2026-03-14,Kadapa,0.0,33.7,61.6
2026-03-15,Kadapa,0.0,28.1,70.1
2026-03-16,Kadapa,4.9,30.0,59.5
2026-03-17,Kadapa,0.0,31.5,67.8
2026-03-18,Kadapa,0.0,31.4,65.8
2026-03-19,Kadapa,0.0,29.1,60.1
2026-03-20,Kadapa,0.0,30.3,70.1
2026-03-21,Kadapa,0.0,29.7,55.7
2026-03-22,Kadapa,0.0,28.7,67.5
2026-03-23,Kadapa,0.0,29.8,75.6
2026-03-24,Kadapa,0.0,25.7,69.1
2026-03-25,Kadapa,0.0,27.8,71.1
2026-03-26,Kadapa,0.0,30.6,73.6
2026-03-27,Kadapa,0.0,26.0,74.3
2026-03-28,Kadapa,0.0,28.5,66.6
2026-03-29,Kadapa,0.0,30.6,65.3
2026-03-30,Kadapa,0.0,28.2,67.2
2026-03-31,Kadapa,0.0,29.1,81.7
2026-04-01,Kadapa,0.0,29.0,66.6
2026-04-02,Kadapa,0.0,28.7,69.4
2026-04-03,Kadapa,0.0,30.1,60.8
2026-04-04,Kadapa,0.0,31.5,68.8
2026-04-05,Kadapa,0.0,27.8,66.6
2026-04-06,Kadapa,0.0,32.0,71.2
2026-04-07,Kadapa,0.0,28.9,53.9
2026-04-08,Kadapa,0.0,32.3,70.2
2026-04-09,Kadapa,4.3,29.6,67.6
2026-04-10,Kadapa,0.0,32.4,68.2
2026-04-11,Kadapa,0.0,29.8,65.8
2026-04-12,Kadapa,0.0,34.4,65.3
2026-04-13,Kadapa,0.0,31.2,67.1
2026-04-14,Kadapa,10.4,34.8,72.0
2026-04-15,Kadapa,0.0,33.9,78.4
2026-04-16,Kadapa,0.0,32.1,69.5
2026-04-17,Kadapa,0.0,34.1,70.7
2026-04-18,Kadapa,0.0,34.4,70.1
2026-04-19,Kadapa,0.0,31.8,72.0
2026-04-20,Kadapa,0.0,30.8,72.4
2026-04-21,Kadapa,0.0,32.5,80.3
2026-04-22,Kadapa,0.0,34.8,65.0
2026-04-23,Kadapa,0.0,32.8,72.9
2026-04-24,Kadapa,0.0,31.0,71.9
2026-04-25,Kadapa,0.0,31.7,75.1
2026-04-26,Kadapa,0.0,28.8,67.8
2026-04-27,Kadapa,0.0,32.1,77.0
2026-04-28,Kadapa,0.0,33.8,63.4
2026-04-29,Kadapa,0.0,27.7,71.5
2026-04-30,Kadapa,0.0,30.1,72.6
2026-05-01,Kadapa,0.0,29.8,80.8
2026-05-02,Kadapa,0.0,30.8,85.7
2026-05-03,Kadapa,9.2,29.9,66.7
2026-05-04,Kadapa,0.0,30.5,72.6
2026-05-05,Kadapa,2.4,29.1,79.4
2026-05-06,Kadapa,0.0,33.5,58.7
2026-05-07,Kadapa,0.0,27.7,87.2
2026-05-08,Kadapa,10.5,30.1,73.2
2026-05-09,Kadapa,0.0,28.5,68.7
2026-05-10,Kadapa,0.0,27.4,74.4
2026-05-11,Kadapa,0.0,29.4,72.7
2026-05-12,Kadapa,0.0,29.1,74.2
2026-05-13,Kadapa,0.0,27.9,70.3
2026-05-14,Kadapa,0.0,30.9,82.1
2026-05-15,Kadapa,0.0,28.4,81.8
2026-05-16,Kadapa,0.0,27.3,78.5
2026-05-17,Kadapa,0.0,30.2,78.8
2026-05-18,Kadapa,0.0,29.0,77.4
2026-05-19,Kadapa,0.0,30.5,78.9
2026-05-20,Kadapa,0.0,29.9,90.9
2026-05-21,Kadapa,0.0,28.0,78.3
2026-05-22,Kadapa,1.1,30.2,78.6
2026-02-22,Nellore,0.0,26.8,64.6
2026-02-23,Nellore,0.7,27.8,66.9
2026-02-24,Nellore,0.0,27.9,70.5
2026-02-25,Nellore,0.0,29.4,63.1
2026-02-26,Nellore,0.0,30.3,66.1
2026-02-27,Nellore,0.0,31.0,71.4
2026-02-28,Nellore,0.0,28.0,81.8
2026-03-01,Nellore,0.0,29.0,69.5
2026-03-02,Nellore,0.0,33.3,76.8
2026-03-03,Nellore,0.0,28.5,65.8
2026-03-04,Nellore,0.0,29.1,75.7
2026-03-05,Nellore,0.0,28.4,64.6
2026-03-06,Nellore,0.0,32.3,62.7
2026-03-07,Nellore,0.0,29.6,65.3
2026-03-08,Nellore,0.0,30.1,74.8
2026-03-09,Nellore,0.0,27.7,80.0
2026-03-10,Nellore,3.9,28.7,58.9
2026-03-11,Nellore,0.0,25.6,74.3
2026-03-12,Nellore,0.0,30.4,63.6
2026-03-13,Nellore,0.0,29.9,72.8
2026-03-14,Nellore,0.0,27.6,80.3
2026-03-15,Nellore,5.6,28.9,66.8
2026-03-16,Nellore,0.0,30.0,76.9
2026-03-17,Nellore,0.0,27.4,69.5
2026-03-18,Nellore,0.0,27.8,79.9
2026-03-19,Nellore,3.1,25.4,82.9
2026-03-20,Nellore,0.0,25.2,70.2
2026-03-21,Nellore,0.0,26.2,74.8
2026-03-22,Nellore,0.0,26.2,73.8
2026-03-23,Nellore,0.0,22.4,73.5
2026-03-24,Nellore,1.5,27.9,79.0
2026-03-25,Nellore,0.0,28.8,70.7
2026-03-26,Nellore,0.0,26.9,77.5
2026-03-27,Nellore,0.0,26.6,80.3
2026-03-28,Nellore,0.0,25.9,80.5
2026-03-29,Nellore,11.6,24.0,86.9
2026-03-30,Nellore,0.0,26.5,82.7
2026-03-31,Nellore,0.0,24.6,79.5
2026-04-01,Nellore,0.0,28.8,78.8
2026-04-02,Nellore,17.1,27.6,71.1
2026-04-03,Nellore,0.0,29.2,76.4
2026-04-04,Nellore,3.4,28.3,78.7
2026-04-05,Nellore,0.0,27.9,78.8
2026-04-06,Nellore,0.9,27.1,74.7
2026-04-07,Nellore,0.0,28.1,81.4
2026-04-08,Nellore,0.0,26.5,74.5
2026-04-09,Nellore,0.0,27.2,66.8
2026-04-10,Nellore,0.0,29.3,78.2
2026-04-11,Nellore,0.0,32.1,74.5
2026-04-12,Nellore,5.1,26.6,80.0
2026-04-13,Nellore,0.0,31.7,86.8
2026-04-14,Nellore,0.0,30.4,76.9
2026-04-15,Nellore,0.0,30.7,86.1
2026-04-16,Nellore,0.0,30.0,78.1
2026-04-17,Nellore,0.0,28.5,73.5
2026-04-18,Nellore,0.0,31.4,71.9
2026-04-19,Nellore,0.0,29.2,74.6
2026-04-20,Nellore,0.0,28.9,76.6
2026-04-21,Nellore,0.0,30.0,72.2
2026-04-22,Nellore,0.0,31.1,81.9
2026-04-23,Nellore,0.0,30.8,85.8
2026-04-24,Nellore,0.0,28.4,81.6
2026-04-25,Nellore,0.0,29.5,80.7
2026-04-26,Nellore,0.0,28.0,83.4
2026-04-27,Nellore,2.9,27.6,81.0
2026-04-28,Nellore,3.2,27.6,74.5
2026-04-29,Nellore,0.0,29.3,77.7
2026-04-30,Nellore,0.0,27.0,84.7
2026-05-01,Nellore,0.0,26.8,88.3
2026-05-02,Nellore,4.9,27.5,86.1
2026-05-03,Nellore,0.0,24.7,90.7
2026-05-04,Nellore,5.9,23.7,88.3
2026-05-05,Nellore,0.0,25.7,77.1
2026-05-06,Nellore,0.0,26.7,90.8
2026-05-07,Nellore,1.3,25.0,92.2
2026-05-08,Nellore,0.0,25.1,87.1
2026-05-09,Nellore,0.0,26.0,81.9
2026-05-10,Nellore,0.0,26.8,86.0
2026-05-11,Nellore,0.0,28.9,81.7
2026-05-12,Nellore,0.0,26.9,85.2
2026-05-13,Nellore,0.0,28.4,79.1
2026-05-14,Nellore,0.0,26.3,82.8
2026-05-15,Nellore,5.6,26.9,89.3
2026-05-16,Nellore,3.3,23.8,89.5
2026-05-17,Nellore,0.0,27.4,76.3
2026-05-18,Nellore,32.3,29.6,82.6
2026-05-19,Nellore,0.3,27.1,71.2
2026-05-20,Nellore,3.0,29.8,79.4
2026-05-21,Nellore,0.0,29.0,95
2026-05-22,Nellore,11.6,31.2,82.2
